INSERT INTO owners(owner_id, FIO, address, phone) VALUES
(1, 'Иванов Сергей', 'ул. Ленина, 12', '89991234567'),
(2, 'Петрова Анна', 'пр. Победы, 45', '89997654321'),
(3, 'Сидоров Алексей', 'ул. Гагарина, 3', '89993456789'),
(4, 'Кузнецова Мария', 'ул. Мира, 18', '89994561234'),
(5, 'Волков Дмитрий', 'ул. Чехова, 7', '89992345678'),
(6, 'Орлова Елена', 'ул. Пушкина, 22', '89996543210'),
(7, 'Тарасов Николай', 'ул. Кирова, 9', '89997890123'),
(8, 'Федорова Светлана', 'ул. Севастопольская, 1', '89995678901'),
(9, 'Зайцев Артем', 'ул. Нахимова, 14', '89996789012'),
(10, 'Морозова Ольга', 'ул. Шевченко, 5', '89991239876'),
(11, 'Ковалев Игорь', 'ул. Гоголя, 30', '89993456123'),
(12, 'Романова Виктория', 'ул. Толстого, 8', '89997651234'),
(13, 'Беляев Павел', 'ул. Лермонтова, 11', '89994567890'),
(14, 'Григорьева Наталья', 'ул. Садовая, 6', '89992349876'),
(15, 'Егоров Максим', 'ул. Парковая, 19', '89996547890');

INSERT INTO breeds(breed_name, breed_group) VALUES
('Лабрадор', 'Ретриверы'),
('Немецкая овчарка', 'Пастушьи'),
('Бигль', 'Гончие'),
('Чихуахуа', 'Компаньоны'),
('Хаски', 'Ездовые'),
('Пудель', 'Компаньоны'),
('Далматин', 'Сторожевые'),
('Шпиц', 'Компаньоны'),
('Бульдог', 'Бойцовские'),
('Доберман', 'Сторожевые');

INSERT INTO dogs(id, nickname, dog_owner, birthday, sex, breed, father, mother, description, deathday) VALUES
(1, 'Рекс', 1, '2020-05-10', 1, 'Немецкая овчарка', NULL, NULL, 'Активный и умный пес', NULL),
(2, 'Лаки', 2, '2019-03-15', 2, 'Лабрадор', NULL, NULL, 'Очень дружелюбная', NULL),
(3, 'Барон', 3, '2021-07-20', 1, 'Хаски', NULL, NULL, 'Любит бегать и играть', NULL),
(4, 'Белла', 4, '2022-01-05', 2, 'Пудель', NULL, NULL, 'Элегантная и послушная', NULL),
(5, 'Макс', 5, '2020-09-12', 1, 'Бигль', NULL, NULL, 'Обожает прогулки', NULL),
(6, 'Джесси', 6, '2018-11-30', 2, 'Чихуахуа', NULL, NULL, 'Маленькая, но храбрая', NULL),
(7, 'Томми', 7, '2021-04-22', 1, 'Доберман', NULL, NULL, 'Сильный и охраняющий', NULL),
(8, 'Луна', 8, '2019-06-18', 2, 'Шпиц', NULL, NULL, 'Пушистая и игривая', NULL),
(9, 'Ричи', 9, '2020-08-25', 1, 'Бульдог', NULL, NULL, 'Мощный и спокойный', NULL),
(10, 'Снежок', 10, '2021-12-01', 1, 'Хаски', 3, 2, 'Потомок Лаки и Барона', NULL),
(11, 'Мила', 11, '2022-03-10', 2, 'Пудель', 4, 6, 'Красивая и умная', NULL),
(12, 'Грей', 12, '2020-07-07', 1, 'Далматин', NULL, NULL, 'Любит детей', NULL),
(13, 'Чарли', 13, '2019-10-10', 1, 'Бигль', 5, 2, 'Очень любознательный', NULL),
(14, 'Симба', 14, '2021-01-01', 1, 'Лабрадор', 1, 2, 'Сильный и добрый', NULL),
(15, 'Ника', 15, '2022-06-06', 2, 'Шпиц', 8, 4, 'Маленькая красавица', NULL);

INSERT INTO awards(dog, award, date_of_receipt) VALUES
(1, 'Лучший охранник', '2023-06-15'),
(2, 'Самая дружелюбная', '2022-08-20'),
(3, 'Лучший бегун', '2023-01-10'),
(4, 'Элегантность года', '2022-12-05'),
(5, 'Лучший нюх', '2023-03-18'),
(6, 'Храбрость', '2021-09-09'),
(7, 'Охрана дома', '2023-05-22'),
(8, 'Очарование', '2022-07-30'),
(9, 'Сила и спокойствие', '2023-04-14'),
(10, 'Надежный компаньон', '2024-02-01'),
(11, 'Красота и ум', '2023-11-11'),
(12, 'Любимец детей', '2022-10-10'),
(13, 'Любознательность', '2023-08-08'),
(14, 'Добрый гигант', '2023-09-09'),
(15, 'Очарование года', '2024-01-01');
